-- 插入测试数据

DELETE FROM `api_definition` WHERE `id` in ('1001','1002','1003','1004','1005','1006');
INSERT INTO `api_definition` (`id`, `name`, `protocol`, `method`, `path`, `status`, `num`, `tags`, `pos`, `project_id`, `module_id`, `latest`, `version_id`, `ref_id`, `description`, `create_time`, `create_user`, `update_time`, `update_user`, `delete_user`, `delete_time`, `deleted`) VALUES ('1001', 'test1test1test1test1test1test1test1test1test1test1test1test1test1test1test1test1test1test1test1test1test1test1test1test1test1test1test1test1test1test1test1test1test1test1test1test1test1test1test1test1test1test1test1test1test1test1test1test1test1test1test', 'HTTP', 'POST', '/api/admin/1', 'Prepare', 1001, '[\"test3\",\"te\"]', 1, '100001100001', 'root', b'1', '100570499574136985', '1001', NULL, 1699500298164, 'admin', 1699500298162, 'admin', NULL, NULL, b'0');
INSERT INTO `api_definition` (`id`, `name`, `protocol`, `method`, `path`, `status`, `num`, `tags`, `pos`, `project_id`, `module_id`, `latest`, `version_id`, `ref_id`, `description`, `create_time`, `create_user`, `update_time`, `update_user`, `delete_user`, `delete_time`, `deleted`) VALUES ('1002', 'test-2', 'HTTP', 'GET', '/api/admin/2', 'Underway', 1002, null, 1, '100001100001', '1001001', b'1', '1005704995741369851', '1002', NULL, 1699500298165, 'admin', 1699500298163, 'admin', NULL, NULL, b'0');
INSERT INTO `api_definition` (`id`, `name`, `protocol`, `method`, `path`, `status`, `num`, `tags`, `pos`, `project_id`, `module_id`, `latest`, `version_id`, `ref_id`, `description`, `create_time`, `create_user`, `update_time`, `update_user`, `delete_user`, `delete_time`, `deleted`) VALUES ('1003', 'test-3', 'HTTP', 'POST', '/api/admin/3', 'Completed', 1003, '[\"test3\",\"te\"]', 1, '100001100001', '10001', b'1', '100570499574136985', '1002', NULL, 1699500298166, 'admin', 1699500298164, 'admin', NULL, NULL, b'0');
INSERT INTO `api_definition` (`id`, `name`, `protocol`, `method`, `path`, `status`, `num`, `tags`, `pos`, `project_id`, `module_id`, `latest`, `version_id`, `ref_id`, `description`, `create_time`, `create_user`, `update_time`, `update_user`, `delete_user`, `delete_time`, `deleted`) VALUES ('1004', 'test-4', 'HTTP', 'GET', '/api/admin/4', 'Prepare', 1004, '[\"test4\",\"te\"]', 1, '100001100001', '10001', b'1', '100570499574136985', '1004', NULL, 1699500298167, 'admin', 1699500298165, 'admin', NULL, NULL, b'0');
INSERT INTO `api_definition` (`id`, `name`, `protocol`, `method`, `path`, `status`, `num`, `tags`, `pos`, `project_id`, `module_id`, `latest`, `version_id`, `ref_id`, `description`, `create_time`, `create_user`, `update_time`, `update_user`, `delete_user`, `delete_time`, `deleted`) VALUES ('1005', 'test-65', 'HTTP', 'POST', '/api/admin/5', 'Underway', 1005, '[\"test5\",\"te\"]', 1, '100001100001', '10001', b'0', '100570499574136985', '1004', NULL, 1699500298168, 'admin', 1699500298166, 'admin', NULL, NULL, b'0');
INSERT INTO `api_definition` (`id`, `name`, `protocol`, `method`, `path`, `status`, `num`, `tags`, `pos`, `project_id`, `module_id`, `latest`, `version_id`, `ref_id`, `description`, `create_time`, `create_user`, `update_time`, `update_user`, `delete_user`, `delete_time`, `deleted`) VALUES ('1006', 'test-6', 'HTTP', 'GET', '/api/admin/6', 'Completed', 1006, '[\"test6\",\"te\"]', 1, '100001100001', '10001', b'1', '100570499574136985', '1006', NULL, 1699500298169, 'admin', 1699500298167, 'admin', NULL, NULL, b'0');

DELETE FROM `project_version` WHERE `id` = '100570499574136985';
INSERT INTO project_version (id, project_id, name, description, status, latest, publish_time, start_time, end_time, create_time, create_user) VALUES ('100570499574136985', '100001100001', 'v1.0.0', NULL, 'open', 1, UNIX_TIMESTAMP() * 1000, UNIX_TIMESTAMP() * 1000, UNIX_TIMESTAMP() * 1000, UNIX_TIMESTAMP() * 1000, 'admin');

DELETE FROM `api_test_case` WHERE `id` in ('12df5721-c5e6-a38b-e999-3eafcb992094','12df5721-c5e6-a38b-e999-3eafcb992100','12df5721-c5e6-a38b-e999-3eafcb992233','3ee2ae9c-a680-4ed6-b115-1f6ab8980973','3ee2ae9c-a680-4ed6-b115-1f6ab8980100','3ee2ae9c-a680-4ed6-b115-1f6ab8980589','3ee2ae9c-a680-4ed6-b115-1f6ab8980553','3ee2ae9c-a680-4ed6-b115-1f6ab8980104','3ee2ae9c-a680-4ed6-b115-1f6ab8980545');
INSERT INTO `api_test_case` (`id`, `name`, `priority`, `num`, `tags`, `status`, `last_report_status`, `last_report_id`, `pos`, `project_id`, `api_definition_id`, `version_id`, `environment_id`, `create_time`, `create_user`, `update_time`, `update_user`, `delete_time`, `delete_user`, `deleted`) VALUES ('12df5721-c5e6-a38b-e999-3eafcb992094', '查询windows主机1', 'P0', 100002001, NULL, 'PENDING', NULL, '10001', 10000, '100001100001', '1001', '100570499574136985', 'admin', 1699500298164, 'admin', 1699500298164, 'admin', NULL, NULL, b'0');
INSERT INTO `api_test_case` (`id`, `name`, `priority`, `num`, `tags`, `status`, `last_report_status`, `last_report_id`, `pos`, `project_id`, `api_definition_id`, `version_id`, `environment_id`, `create_time`, `create_user`, `update_time`, `update_user`, `delete_time`, `delete_user`, `deleted`) VALUES ('12df5721-c5e6-a38b-e999-3eafcb992100', '查询windows主机2', 'P0', 100002002, NULL, 'PENDING', NULL, '10002', 10000, '100001100001', '1001', '100570499574136985', 'admin', 1699500298164, 'admin', 1699500298164, 'admin', NULL, NULL, b'0');
INSERT INTO `api_test_case` (`id`, `name`, `priority`, `num`, `tags`, `status`, `last_report_status`, `last_report_id`, `pos`, `project_id`, `api_definition_id`, `version_id`, `environment_id`, `create_time`, `create_user`, `update_time`, `update_user`, `delete_time`, `delete_user`, `deleted`) VALUES ('12df5721-c5e6-a38b-e999-3eafcb992233', '查询windows主机3', 'P0', 100002003, NULL, 'PENDING', NULL, '10003', 10000, '100001100001', '1002', '100570499574136985', 'admin', 1699500298164, 'admin', 1699500298164, 'admin', NULL, NULL, b'0');
INSERT INTO `api_test_case` (`id`, `name`, `priority`, `num`, `tags`, `status`, `last_report_status`, `last_report_id`, `pos`, `project_id`, `api_definition_id`, `version_id`, `environment_id`, `create_time`, `create_user`, `update_time`, `update_user`, `delete_time`, `delete_user`, `deleted`) VALUES ('3ee2ae9c-a680-4ed6-b115-1f6ab8980973', '查询Linux主机1', 'P0', 100002004, NULL, 'PENDING', NULL, '10004', 10000, '100001100001', '1002', '100570499574136985', 'admin', 1699500298164, 'admin', 1699500298164, 'admin', NULL, NULL, b'0');
INSERT INTO `api_test_case` (`id`, `name`, `priority`, `num`, `tags`, `status`, `last_report_status`, `last_report_id`, `pos`, `project_id`, `api_definition_id`, `version_id`, `environment_id`, `create_time`, `create_user`, `update_time`, `update_user`, `delete_time`, `delete_user`, `deleted`) VALUES ('3ee2ae9c-a680-4ed6-b115-1f6ab8980100', '查询Linux主机2', 'P0', 100002005, NULL, 'PENDING', NULL, '10005', 10000, '100001100001', '1003', '100570499574136985', 'admin', 1699500298164, 'admin', 1699500298164, 'admin', NULL, NULL, b'0');
INSERT INTO `api_test_case` (`id`, `name`, `priority`, `num`, `tags`, `status`, `last_report_status`, `last_report_id`, `pos`, `project_id`, `api_definition_id`, `version_id`, `environment_id`, `create_time`, `create_user`, `update_time`, `update_user`, `delete_time`, `delete_user`, `deleted`) VALUES ('3ee2ae9c-a680-4ed6-b115-1f6ab8980589', '查询Linux主机3', 'P0', 100002006, NULL, 'PENDING', NULL, '10006', 10000, '100001100001', '1004', '100570499574136985', 'admin', 1699500298164, 'admin', 1699500298164, 'admin', NULL, NULL, b'0');
INSERT INTO `api_test_case` (`id`, `name`, `priority`, `num`, `tags`, `status`, `last_report_status`, `last_report_id`, `pos`, `project_id`, `api_definition_id`, `version_id`, `environment_id`, `create_time`, `create_user`, `update_time`, `update_user`, `delete_time`, `delete_user`, `deleted`) VALUES ('3ee2ae9c-a680-4ed6-b115-1f6ab8980553', '查询Linux主机4', 'P0', 100002007, NULL, 'PENDING', NULL, '10007', 10000, '100001100001', '1005', '100570499574136985', 'admin', 1699500298164, 'admin', 1699500298164, 'admin', NULL, NULL, b'0');
INSERT INTO `api_test_case` (`id`, `name`, `priority`, `num`, `tags`, `status`, `last_report_status`, `last_report_id`, `pos`, `project_id`, `api_definition_id`, `version_id`, `environment_id`, `create_time`, `create_user`, `update_time`, `update_user`, `delete_time`, `delete_user`, `deleted`) VALUES ('3ee2ae9c-a680-4ed6-b115-1f6ab8980104', '查询Linux主机5', 'P0', 100002008, NULL, 'PENDING', NULL, '10008', 10000, '100001100001', '1005', '100570499574136985', 'admin', 1699500298164, 'admin', 1699500298164, 'admin', NULL, NULL, b'0');
INSERT INTO `api_test_case` (`id`, `name`, `priority`, `num`, `tags`, `status`, `last_report_status`, `last_report_id`, `pos`, `project_id`, `api_definition_id`, `version_id`, `environment_id`, `create_time`, `create_user`, `update_time`, `update_user`, `delete_time`, `delete_user`, `deleted`) VALUES ('3ee2ae9c-a680-4ed6-b115-1f6ab8980545', '查询Linux主机6', 'P0', 100002009, NULL, 'PENDING', NULL, NULL, 10000, '100001100001', '1005', '100570499574136985', 'admin', 1699500298164, 'admin', 1699500298164, 'admin', NULL, NULL, b'0');

DELETE FROM `api_report` WHERE `id` in ('10001','10002','10003','10004','10005','10006','10007','10008');
INSERT INTO `api_report` (`id`, `name`, `resource_id`, `create_time`, `update_time`, `create_user`, `update_user`, `deleted`, `status`, `start_time`, `end_time`, `run_mode`, `pool_id`, `trigger_mode`, `version_id`, `project_id`, `integrated_report_id`, `integrated`) VALUES ('10001', '报告001', 'resource_id_10001', 1680624405386, 1680624405386, 'admin', 'admin', b'0', 'SUCCESS', 1680624405386, 1680624405386, 'API', 'pol_id_100001', 'hand', NULL, '100001100001', 'NONE', b'0');
INSERT INTO `api_report` (`id`, `name`, `resource_id`, `create_time`, `update_time`, `create_user`, `update_user`, `deleted`, `status`, `start_time`, `end_time`, `run_mode`, `pool_id`, `trigger_mode`, `version_id`, `project_id`, `integrated_report_id`, `integrated`) VALUES ('10002', '报告002', 'resource_id_10001', 1680624405386, 1680624405386, 'admin', 'admin', b'0', 'ERROR', 1680624405386, 1680624405386, 'API', 'pol_id_100001', 'hand', NULL, '100001100001', 'NONE', b'0');
INSERT INTO `api_report` (`id`, `name`, `resource_id`, `create_time`, `update_time`, `create_user`, `update_user`, `deleted`, `status`, `start_time`, `end_time`, `run_mode`, `pool_id`, `trigger_mode`, `version_id`, `project_id`, `integrated_report_id`, `integrated`) VALUES ('10003', '报告003', 'resource_id_10001', 1680624405386, 1680624405386, 'admin', 'admin', b'0', 'FAKE_ERROR', 1680624405386, 1680624405386, 'API', 'pol_id_100001', 'hand', NULL, '100001100001', 'NONE', b'0');
INSERT INTO `api_report` (`id`, `name`, `resource_id`, `create_time`, `update_time`, `create_user`, `update_user`, `deleted`, `status`, `start_time`, `end_time`, `run_mode`, `pool_id`, `trigger_mode`, `version_id`, `project_id`, `integrated_report_id`, `integrated`) VALUES ('10004', '报告004', 'resource_id_10001', 1680624405386, 1680624405386, 'admin', 'admin', b'0', 'SUCCESS', 1680624405386, 1680624405386, 'API', 'pol_id_100001', 'hand', NULL, '100001100001', 'NONE', b'0');
INSERT INTO `api_report` (`id`, `name`, `resource_id`, `create_time`, `update_time`, `create_user`, `update_user`, `deleted`, `status`, `start_time`, `end_time`, `run_mode`, `pool_id`, `trigger_mode`, `version_id`, `project_id`, `integrated_report_id`, `integrated`) VALUES ('10005', '报告005', 'resource_id_10001', 1680624405386, 1680624405386, 'admin', 'admin', b'0', 'ERROR', 1680624405386, 1680624405386, 'API', 'pol_id_100001', 'hand', NULL, '100001100001', 'NONE', b'0');
INSERT INTO `api_report` (`id`, `name`, `resource_id`, `create_time`, `update_time`, `create_user`, `update_user`, `deleted`, `status`, `start_time`, `end_time`, `run_mode`, `pool_id`, `trigger_mode`, `version_id`, `project_id`, `integrated_report_id`, `integrated`) VALUES ('10006', '报告006', 'resource_id_10001', 1680624405386, 1680624405386, 'admin', 'admin', b'0', 'SUCCESS', 1680624405386, 1680624405386, 'API', 'pol_id_100001', 'hand', NULL, '100001100001', 'NONE', b'0');
INSERT INTO `api_report` (`id`, `name`, `resource_id`, `create_time`, `update_time`, `create_user`, `update_user`, `deleted`, `status`, `start_time`, `end_time`, `run_mode`, `pool_id`, `trigger_mode`, `version_id`, `project_id`, `integrated_report_id`, `integrated`) VALUES ('10007', '报告004', 'resource_id_10001', 1680624405386, 1680624405386, 'admin', 'admin', b'0', 'SUCCESS', 1680624405386, 1680624405386, 'API', 'pol_id_100001', 'hand', NULL, '100001100001', 'NONE', b'0');
INSERT INTO `api_report` (`id`, `name`, `resource_id`, `create_time`, `update_time`, `create_user`, `update_user`, `deleted`, `status`, `start_time`, `end_time`, `run_mode`, `pool_id`, `trigger_mode`, `version_id`, `project_id`, `integrated_report_id`, `integrated`) VALUES ('10008', '报告005', 'resource_id_10001', 1680624405386, 1680624405386, 'admin', 'admin', b'0', 'ERROR', 1680624405386, 1680624405386, 'API', 'pol_id_100001', 'hand', NULL, '100001100001', 'NONE', b'0');

DELETE FROM `api_definition_module` WHERE `id` in ('10001', 'case-moduleId');
INSERT INTO `api_definition_module` (`id`, `name`, `protocol`, `parent_id`, `project_id`, `pos`, `create_time`, `update_time`, `update_user`, `create_user`) VALUES ('10001', 'module1', 'HTTP', 'NONE', '100001100001', 10, 0, 0, 'admin', 'admin');
INSERT INTO `api_definition_module` (`id`, `name`, `protocol`, `parent_id`, `project_id`, `pos`, `create_time`, `update_time`, `update_user`, `create_user`) VALUES ('case-moduleId', 'case-moduleId', 'HTTP', 'NONE', '100001100001', 10, 0, 0, 'admin', 'admin');

DELETE FROM `api_definition_blob` WHERE `id` in ('1001','1002','1003','1004','1005','1006');
INSERT INTO `api_definition_blob` (`id`, `request`, `response`) VALUES ('1001', 0x504B03041400080808004A547857000000000000000000000000030000007A6970CD92B14EC3301040FFE5E6A8296B36842A180055281B62709D4B6D61FBDCF3991055FD779C840C949185C5A77BB6CFEF6C9F21921B3D7134563F2B8FD0C0537A68DBFDCEA1C720504158F01C2AC0A00EAEE4BD72092BD0C6BA8E314013B27315647665AD11894D5D0FC3B0114CB2D1E4CBD6A8C494C97A4225F52886BA02EE776D490FD48D6B1583AA434ED0BC9EE11D0B9EC70A3E94CB93CB127FC9749834DB28968ACF9CC1E5AD029ECEFB7BA9A90156BE1D23AE9E8CA76C194B13C2B9ECF2363C62384E6D2E0BBCFAFC093068EAD66326B953461EFFAD1D8941BEA3D0DB233467D014026A69AD47CAE54E6FB6DBED7CBF9142C22BAC91C5F6562BC15B6755794D5073ACA027E76878C1AEE86949ABA0CA4257F03253B32A2C9A9171CFA431259A3EC937A424D7F4F205504B070852639A522B010000E0020000504B010214001400080808004A54785752639A522B010000E00200000300000000000000000000000000000000007A6970504B05060000000001000100310000005C0100000000, 0x504B03041400080808004A547857000000000000000000000000030000007A6970A58F414BC4301085FFCB9C03B69EA4B74559141465295E9622B3CD743798263199C82EA5FFDD49EB82772F19DECB9BEF25FB098C86A656C09740D0C063DBBE81028763513B4AC1BB44B55827424D3141B39FE0932E725B4E05DF6873C9AE5301393C583106B48914684A7D34818D77122A0AE64EC1C16B414CCB6CD7EAEDEBEEE5E361D36E0432443FBE17E03FFB98124B2660C4F1B786E95CAC485FD94492CF73CCB2371AF74CEEC82768EE44E1F9AAEA4A41EF1D93E33F849B60D1B8A5BEF79AAE94C1587A12A6CBD6CEDDAC2031724EF74B046EAB0ACA0B07CC96B7168FEBDADCFD00504B0708FF595995E400000087010000504B010214001400080808004A547857FF595995E4000000870100000300000000000000000000000000000000007A6970504B0506000000000100010031000000150100000000);
INSERT INTO `api_definition_blob` (`id`, `request`, `response`) VALUES ('1002', 0x504B030414000808080049547857000000000000000000000000030000007A6970CD92B14EC3301040FFE5E6A8296B36842A180055281B62709D4B6D61FBDCF3991055FD779C840C949185C5A77BB6CFEF6C9F21921B3D7134563F2B8FD0C0537A68DBFDCEA1C720504158F01C2AC0A00EAEE4BD72092BD0C6BA8E314013B27315647665AD11894D5D0FC3B0114CB2D1E4CBD6A8C494C97A4225F52886BA02EE776D490FD48D6B1583AA434ED0BC9EE11D0B9EC70A3E94CB93CB127FC9749834DB28968ACF9CC1E5AD029ECEFB7BA9A90156BE1D23AE9E8CA76C194B13C2B9ECF2363C62384E6D2E0BBCFAFC093068EAD66326B953461EFFAD1D8941BEA3D0DB233467D014026A69AD47CAE54E6FB6DBED7CBF9142C22BAC91C5F6562BC15B6755794D5073ACA027E76878C1AEE86949ABA0CA4257F03253B32A2C9A9171CFA431259A3EC937A424D7F4F205504B070852639A522B010000E0020000504B010214001400080808004954785752639A522B010000E00200000300000000000000000000000000000000007A6970504B05060000000001000100310000005C0100000000, 0x504B030414000808080049547857000000000000000000000000030000007A6970A58F414BC4301085FFCB9C03B69EA4B74559141465295E9622B3CD743798263199C82EA5FFDD49EB82772F19DECB9BEF25FB098C86A656C09740D0C063DBBE81028763513B4AC1BB44B55827424D3141B39FE0932E725B4E05DF6873C9AE5301393C583106B48914684A7D34818D77122A0AE64EC1C16B414CCB6CD7EAEDEBEEE5E361D36E0432443FBE17E03FFB98124B2660C4F1B786E95CAC485FD94492CF73CCB2371AF74CEEC82768EE44E1F9AAEA4A41EF1D93E33F849B60D1B8A5BEF79AAE94C1587A12A6CBD6CEDDAC2031724EF74B046EAB0ACA0B07CC96B7168FEBDADCFD00504B0708FF595995E400000087010000504B0102140014000808080049547857FF595995E4000000870100000300000000000000000000000000000000007A6970504B0506000000000100010031000000150100000000);
INSERT INTO `api_definition_blob` (`id`, `request`, `response`) VALUES ('1003', 0x504B030414000808080049547857000000000000000000000000030000007A6970CD92B14EC3301040FFE5E6A8296B36842A180055281B62709D4B6D61FBDCF3991055FD779C840C949185C5A77BB6CFEF6C9F21921B3D7134563F2B8FD0C0537A68DBFDCEA1C720504158F01C2AC0A00EAEE4BD72092BD0C6BA8E314013B27315647665AD11894D5D0FC3B0114CB2D1E4CBD6A8C494C97A4225F52886BA02EE776D490FD48D6B1583AA434ED0BC9EE11D0B9EC70A3E94CB93CB127FC9749834DB28968ACF9CC1E5AD029ECEFB7BA9A90156BE1D23AE9E8CA76C194B13C2B9ECF2363C62384E6D2E0BBCFAFC093068EAD66326B953461EFFAD1D8941BEA3D0DB233467D014026A69AD47CAE54E6FB6DBED7CBF9142C22BAC91C5F6562BC15B6755794D5073ACA027E76878C1AEE86949ABA0CA4257F03253B32A2C9A9171CFA431259A3EC937A424D7F4F205504B070852639A522B010000E0020000504B010214001400080808004954785752639A522B010000E00200000300000000000000000000000000000000007A6970504B05060000000001000100310000005C0100000000, 0x504B030414000808080049547857000000000000000000000000030000007A6970A58F414BC4301085FFCB9C03B69EA4B74559141465295E9622B3CD743798263199C82EA5FFDD49EB82772F19DECB9BEF25FB098C86A656C09740D0C063DBBE81028763513B4AC1BB44B55827424D3141B39FE0932E725B4E05DF6873C9AE5301393C583106B48914684A7D34818D77122A0AE64EC1C16B414CCB6CD7EAEDEBEEE5E361D36E0432443FBE17E03FFB98124B2660C4F1B786E95CAC485FD94492CF73CCB2371AF74CEEC82768EE44E1F9AAEA4A41EF1D93E33F849B60D1B8A5BEF79AAE94C1587A12A6CBD6CEDDAC2031724EF74B046EAB0ACA0B07CC96B7168FEBDADCFD00504B0708FF595995E400000087010000504B0102140014000808080049547857FF595995E4000000870100000300000000000000000000000000000000007A6970504B0506000000000100010031000000150100000000);
INSERT INTO `api_definition_blob` (`id`, `request`, `response`) VALUES ('1004', 0x504B03041400080808004A547857000000000000000000000000030000007A6970CD92B14EC3301040FFE5E6A8296B36842A180055281B62709D4B6D61FBDCF3991055FD779C840C949185C5A77BB6CFEF6C9F21921B3D7134563F2B8FD0C0537A68DBFDCEA1C720504158F01C2AC0A00EAEE4BD72092BD0C6BA8E314013B27315647665AD11894D5D0FC3B0114CB2D1E4CBD6A8C494C97A4225F52886BA02EE776D490FD48D6B1583AA434ED0BC9EE11D0B9EC70A3E94CB93CB127FC9749834DB28968ACF9CC1E5AD029ECEFB7BA9A90156BE1D23AE9E8CA76C194B13C2B9ECF2363C62384E6D2E0BBCFAFC093068EAD66326B953461EFFAD1D8941BEA3D0DB233467D014026A69AD47CAE54E6FB6DBED7CBF9142C22BAC91C5F6562BC15B6755794D5073ACA027E76878C1AEE86949ABA0CA4257F03253B32A2C9A9171CFA431259A3EC937A424D7F4F205504B070852639A522B010000E0020000504B010214001400080808004A54785752639A522B010000E00200000300000000000000000000000000000000007A6970504B05060000000001000100310000005C0100000000, 0x504B03041400080808004A547857000000000000000000000000030000007A6970A58F414BC4301085FFCB9C03B69EA4B74559141465295E9622B3CD743798263199C82EA5FFDD49EB82772F19DECB9BEF25FB098C86A656C09740D0C063DBBE81028763513B4AC1BB44B55827424D3141B39FE0932E725B4E05DF6873C9AE5301393C583106B48914684A7D34818D77122A0AE64EC1C16B414CCB6CD7EAEDEBEEE5E361D36E0432443FBE17E03FFB98124B2660C4F1B786E95CAC485FD94492CF73CCB2371AF74CEEC82768EE44E1F9AAEA4A41EF1D93E33F849B60D1B8A5BEF79AAE94C1587A12A6CBD6CEDDAC2031724EF74B046EAB0ACA0B07CC96B7168FEBDADCFD00504B0708FF595995E400000087010000504B010214001400080808004A547857FF595995E4000000870100000300000000000000000000000000000000007A6970504B0506000000000100010031000000150100000000);
INSERT INTO `api_definition_blob` (`id`, `request`, `response`) VALUES ('1005', 0x504B030414000808080049547857000000000000000000000000030000007A6970CD92B14EC3301040FFE5E6A8296B36842A180055281B62709D4B6D61FBDCF3991055FD779C840C949185C5A77BB6CFEF6C9F21921B3D7134563F2B8FD0C0537A68DBFDCEA1C720504158F01C2AC0A00EAEE4BD72092BD0C6BA8E314013B27315647665AD11894D5D0FC3B0114CB2D1E4CBD6A8C494C97A4225F52886BA02EE776D490FD48D6B1583AA434ED0BC9EE11D0B9EC70A3E94CB93CB127FC9749834DB28968ACF9CC1E5AD029ECEFB7BA9A90156BE1D23AE9E8CA76C194B13C2B9ECF2363C62384E6D2E0BBCFAFC093068EAD66326B953461EFFAD1D8941BEA3D0DB233467D014026A69AD47CAE54E6FB6DBED7CBF9142C22BAC91C5F6562BC15B6755794D5073ACA027E76878C1AEE86949ABA0CA4257F03253B32A2C9A9171CFA431259A3EC937A424D7F4F205504B070852639A522B010000E0020000504B010214001400080808004954785752639A522B010000E00200000300000000000000000000000000000000007A6970504B05060000000001000100310000005C0100000000, 0x504B030414000808080049547857000000000000000000000000030000007A6970A58F414BC4301085FFCB9C03B69EA4B74559141465295E9622B3CD743798263199C82EA5FFDD49EB82772F19DECB9BEF25FB098C86A656C09740D0C063DBBE81028763513B4AC1BB44B55827424D3141B39FE0932E725B4E05DF6873C9AE5301393C583106B48914684A7D34818D77122A0AE64EC1C16B414CCB6CD7EAEDEBEEE5E361D36E0432443FBE17E03FFB98124B2660C4F1B786E95CAC485FD94492CF73CCB2371AF74CEEC82768EE44E1F9AAEA4A41EF1D93E33F849B60D1B8A5BEF79AAE94C1587A12A6CBD6CEDDAC2031724EF74B046EAB0ACA0B07CC96B7168FEBDADCFD00504B0708FF595995E400000087010000504B0102140014000808080049547857FF595995E4000000870100000300000000000000000000000000000000007A6970504B0506000000000100010031000000150100000000);
INSERT INTO `api_definition_blob` (`id`, `request`, `response`) VALUES ('1006', 0x504B030414000808080049547857000000000000000000000000030000007A6970CD92B14EC3301040FFE5E6A8296B36842A180055281B62709D4B6D61FBDCF3991055FD779C840C949185C5A77BB6CFEF6C9F21921B3D7134563F2B8FD0C0537A68DBFDCEA1C720504158F01C2AC0A00EAEE4BD72092BD0C6BA8E314013B27315647665AD11894D5D0FC3B0114CB2D1E4CBD6A8C494C97A4225F52886BA02EE776D490FD48D6B1583AA434ED0BC9EE11D0B9EC70A3E94CB93CB127FC9749834DB28968ACF9CC1E5AD029ECEFB7BA9A90156BE1D23AE9E8CA76C194B13C2B9ECF2363C62384E6D2E0BBCFAFC093068EAD66326B953461EFFAD1D8941BEA3D0DB233467D014026A69AD47CAE54E6FB6DBED7CBF9142C22BAC91C5F6562BC15B6755794D5073ACA027E76878C1AEE86949ABA0CA4257F03253B32A2C9A9171CFA431259A3EC937A424D7F4F205504B070852639A522B010000E0020000504B010214001400080808004954785752639A522B010000E00200000300000000000000000000000000000000007A6970504B05060000000001000100310000005C0100000000, 0x504B030414000808080049547857000000000000000000000000030000007A6970A58F414BC4301085FFCB9C03B69EA4B74559141465295E9622B3CD743798263199C82EA5FFDD49EB82772F19DECB9BEF25FB098C86A656C09740D0C063DBBE81028763513B4AC1BB44B55827424D3141B39FE0932E725B4E05DF6873C9AE5301393C583106B48914684A7D34818D77122A0AE64EC1C16B414CCB6CD7EAEDEBEEE5E361D36E0432443FBE17E03FFB98124B2660C4F1B786E95CAC485FD94492CF73CCB2371AF74CEEC82768EE44E1F9AAEA4A41EF1D93E33F849B60D1B8A5BEF79AAE94C1587A12A6CBD6CEDDAC2031724EF74B046EAB0ACA0B07CC96B7168FEBDADCFD00504B0708FF595995E400000087010000504B0102140014000808080049547857FF595995E4000000870100000300000000000000000000000000000000007A6970504B0506000000000100010031000000150100000000);

DELETE FROM `api_definition_custom_field` WHERE `api_id` in ('1003', '1004');
INSERT INTO api_definition_custom_field (api_id, field_id, value) VALUE ('1003', 'test_field', '["default", "default-1"]');
INSERT INTO api_definition_custom_field (api_id, field_id, value) VALUE ('1004', 'test_field', '[]');

DELETE FROM `custom_field` WHERE `id` in ('test_field', 'custom-field');
INSERT INTO custom_field (id, name, scene, type, remark, internal, scope_type, create_time, update_time, create_user, scope_id) VALUE
    ('test_field', '测试字段', 'API', 'MULTIPLE_SELECT', '', 0, 'PROJECT', UNIX_TIMESTAMP() * 1000, UNIX_TIMESTAMP() * 1000, 'admin', '100001100001'),
    ('custom-field', '测试字段', 'API', 'SELECT', '', 0, 'PROJECT', UNIX_TIMESTAMP() * 1000, UNIX_TIMESTAMP() * 1000, 'admin', '100001100001');

DELETE FROM `template` WHERE `id` in ('api-template-id', 'default-api-template-id');
INSERT INTO template (id, name, remark, internal, update_time, create_time, create_user, scope_type, scope_id, enable_third_part, scene) VALUES
 ('api-template-id', 'api-template', '', 0, UNIX_TIMESTAMP() * 1000, UNIX_TIMESTAMP() * 1000, 'admin', 'PROJECT', '100001100001', 0, 'API'),
 ('default-api-template-id', 'api-default-template', '', 0, UNIX_TIMESTAMP() * 1000, UNIX_TIMESTAMP() * 1000, 'admin', 'PROJECT', '100001100001', 0, 'API');
