-- 插入测试数据

TRUNCATE TABLE api_definition;
TRUNCATE TABLE project_version;
TRUNCATE TABLE api_test_case;
TRUNCATE TABLE api_report;

INSERT INTO `api_definition` (`id`, `name`, `protocol`, `method`, `path`, `status`, `num`, `tags`, `pos`, `project_id`, `module_id`, `latest`, `version_id`, `ref_id`, `description`, `create_time`, `create_user`, `update_time`, `update_user`, `delete_user`, `delete_time`, `deleted`) VALUES ('1001', 'test-1', 'HTTP', 'POST', '/api/admin/1', 'Prepare', 1001, '[\"test1\",\"te\"]', 1, '100001100001', 'root', b'1', '100570499574136985', '1001', NULL, 1699500298164, 'admin', 1699500298164, 'admin', NULL, NULL, b'0');
INSERT INTO `api_definition` (`id`, `name`, `protocol`, `method`, `path`, `status`, `num`, `tags`, `pos`, `project_id`, `module_id`, `latest`, `version_id`, `ref_id`, `description`, `create_time`, `create_user`, `update_time`, `update_user`, `delete_user`, `delete_time`, `deleted`) VALUES ('1002', 'test-2', 'HTTP', 'GET', '/api/admin/2', 'Underway', 1002, '[\"test2\",\"te\"]', 1, '100001100001', 'root', b'1', '1005704995741369851', '1002', NULL, 1699500298164, 'admin', 1699500298164, 'admin', NULL, NULL, b'0');
INSERT INTO `api_definition` (`id`, `name`, `protocol`, `method`, `path`, `status`, `num`, `tags`, `pos`, `project_id`, `module_id`, `latest`, `version_id`, `ref_id`, `description`, `create_time`, `create_user`, `update_time`, `update_user`, `delete_user`, `delete_time`, `deleted`) VALUES ('1003', 'test-3', 'HTTP', 'POST', '/api/admin/3', 'Completed', 1003, '[\"test3\",\"te\"]', 1, '100001100001', 'root', b'1', '100570499574136985', '1002', NULL, 1699500298164, 'admin', 1699500298164, 'admin', NULL, NULL, b'0');
INSERT INTO `api_definition` (`id`, `name`, `protocol`, `method`, `path`, `status`, `num`, `tags`, `pos`, `project_id`, `module_id`, `latest`, `version_id`, `ref_id`, `description`, `create_time`, `create_user`, `update_time`, `update_user`, `delete_user`, `delete_time`, `deleted`) VALUES ('1004', 'test-4', 'HTTP', 'GET', '/api/admin/4', 'Prepare', 1004, '[\"test4\",\"te\"]', 1, '100001100001', 'root', b'1', '1005704995741369851', '1004', NULL, 1699500298164, 'admin', 1699500298164, 'admin', NULL, NULL, b'0');
INSERT INTO `api_definition` (`id`, `name`, `protocol`, `method`, `path`, `status`, `num`, `tags`, `pos`, `project_id`, `module_id`, `latest`, `version_id`, `ref_id`, `description`, `create_time`, `create_user`, `update_time`, `update_user`, `delete_user`, `delete_time`, `deleted`) VALUES ('1005', 'test-5', 'HTTP', 'POST', '/api/admin/5', 'Underway', 1005, '[\"test5\",\"te\"]', 1, '100001100001', 'root', b'0', '1005704995741369851', '1004', NULL, 1699500298164, 'admin', 1699500298164, 'admin', NULL, NULL, b'0');
INSERT INTO `api_definition` (`id`, `name`, `protocol`, `method`, `path`, `status`, `num`, `tags`, `pos`, `project_id`, `module_id`, `latest`, `version_id`, `ref_id`, `description`, `create_time`, `create_user`, `update_time`, `update_user`, `delete_user`, `delete_time`, `deleted`) VALUES ('1006', 'test-6', 'HTTP', 'GET', '/api/admin/6', 'Completed', 1006, '[\"test6\",\"te\"]', 1, '100001100001', 'root', b'1', '100570499574136985', '1006', NULL, 1699500298164, 'admin', 1699500298164, 'admin', NULL, NULL, b'0');

INSERT INTO project_version (id, project_id, name, description, status, latest, publish_time, start_time, end_time, create_time, create_user) VALUES ('100570499574136985', '100001100001', 'v1.0.0', NULL, 'open', 1, UNIX_TIMESTAMP() * 1000, UNIX_TIMESTAMP() * 1000, UNIX_TIMESTAMP() * 1000, UNIX_TIMESTAMP() * 1000, 'admin');

INSERT INTO `api_test_case` (`id`, `name`, `priority`, `num`, `tags`, `status`, `last_report_status`, `last_report_id`, `pos`, `project_id`, `api_definition_id`, `version_id`, `environment_id`, `create_time`, `create_user`, `update_time`, `update_user`, `delete_time`, `delete_user`, `deleted`) VALUES ('12df5721-c5e6-a38b-e999-3eafcb992094', '查询windows主机', 'P0', 100002001, NULL, 'PENDING', NULL, '10001', 10000, '100001100001', '1001', '100570499574136985', 'admin', 1699500298164, 'admin', 1699500298164, 'admin', NULL, NULL, b'0');
INSERT INTO `api_test_case` (`id`, `name`, `priority`, `num`, `tags`, `status`, `last_report_status`, `last_report_id`, `pos`, `project_id`, `api_definition_id`, `version_id`, `environment_id`, `create_time`, `create_user`, `update_time`, `update_user`, `delete_time`, `delete_user`, `deleted`) VALUES ('12df5721-c5e6-a38b-e999-3eafcb992100', '查询windows主机', 'P0', 100002002, NULL, 'PENDING', NULL, '10002', 10000, '100001100001', '1001', '100570499574136985', 'admin', 1699500298164, 'admin', 1699500298164, 'admin', NULL, NULL, b'0');
INSERT INTO `api_test_case` (`id`, `name`, `priority`, `num`, `tags`, `status`, `last_report_status`, `last_report_id`, `pos`, `project_id`, `api_definition_id`, `version_id`, `environment_id`, `create_time`, `create_user`, `update_time`, `update_user`, `delete_time`, `delete_user`, `deleted`) VALUES ('12df5721-c5e6-a38b-e999-3eafcb992233', '查询windows主机', 'P0', 100002003, NULL, 'PENDING', NULL, '10003', 10000, '100001100001', '1001', '100570499574136985', 'admin', 1699500298164, 'admin', 1699500298164, 'admin', NULL, NULL, b'0');
INSERT INTO `api_test_case` (`id`, `name`, `priority`, `num`, `tags`, `status`, `last_report_status`, `last_report_id`, `pos`, `project_id`, `api_definition_id`, `version_id`, `environment_id`, `create_time`, `create_user`, `update_time`, `update_user`, `delete_time`, `delete_user`, `deleted`) VALUES ('3ee2ae9c-a680-4ed6-b115-1f6ab8980973', '查询Linux主机', 'P0', 100002004, NULL, 'PENDING', NULL, '10004', 10000, '100001100001', '1002', '100570499574136985', 'admin', 1699500298164, 'admin', 1699500298164, 'admin', NULL, NULL, b'0');
INSERT INTO `api_test_case` (`id`, `name`, `priority`, `num`, `tags`, `status`, `last_report_status`, `last_report_id`, `pos`, `project_id`, `api_definition_id`, `version_id`, `environment_id`, `create_time`, `create_user`, `update_time`, `update_user`, `delete_time`, `delete_user`, `deleted`) VALUES ('3ee2ae9c-a680-4ed6-b115-1f6ab8980100', '查询Linux主机', 'P0', 100002005, NULL, 'PENDING', NULL, '10005', 10000, '100001100001', '1002', '100570499574136985', 'admin', 1699500298164, 'admin', 1699500298164, 'admin', NULL, NULL, b'0');
INSERT INTO `api_test_case` (`id`, `name`, `priority`, `num`, `tags`, `status`, `last_report_status`, `last_report_id`, `pos`, `project_id`, `api_definition_id`, `version_id`, `environment_id`, `create_time`, `create_user`, `update_time`, `update_user`, `delete_time`, `delete_user`, `deleted`) VALUES ('3ee2ae9c-a680-4ed6-b115-1f6ab8980589', '查询Linux主机', 'P0', 100002006, NULL, 'PENDING', NULL, '10006', 10000, '100001100001', '1002', '100570499574136985', 'admin', 1699500298164, 'admin', 1699500298164, 'admin', NULL, NULL, b'0');

INSERT INTO `api_report` (`id`, `name`, `resource_id`, `create_time`, `update_time`, `create_user`, `update_user`, `deleted`, `status`, `start_time`, `end_time`, `run_mode`, `pool_id`, `trigger_mode`, `version_id`, `project_id`, `integrated_report_id`, `integrated`) VALUES ('10001', '报告001', 'resource_id_10001', 1680624405386, 1680624405386, 'admin', 'admin', b'0', 'SUCCESS', 1680624405386, 1680624405386, 'API', 'pol_id_100001', 'hand', NULL, '100001100001', 'NONE', b'0');
INSERT INTO `api_report` (`id`, `name`, `resource_id`, `create_time`, `update_time`, `create_user`, `update_user`, `deleted`, `status`, `start_time`, `end_time`, `run_mode`, `pool_id`, `trigger_mode`, `version_id`, `project_id`, `integrated_report_id`, `integrated`) VALUES ('10002', '报告002', 'resource_id_10001', 1680624405386, 1680624405386, 'admin', 'admin', b'0', 'ERROR', 1680624405386, 1680624405386, 'API', 'pol_id_100001', 'hand', NULL, '100001100001', 'NONE', b'0');
INSERT INTO `api_report` (`id`, `name`, `resource_id`, `create_time`, `update_time`, `create_user`, `update_user`, `deleted`, `status`, `start_time`, `end_time`, `run_mode`, `pool_id`, `trigger_mode`, `version_id`, `project_id`, `integrated_report_id`, `integrated`) VALUES ('10003', '报告003', 'resource_id_10001', 1680624405386, 1680624405386, 'admin', 'admin', b'0', 'FAKE_ERROR', 1680624405386, 1680624405386, 'API', 'pol_id_100001', 'hand', NULL, '100001100001', 'NONE', b'0');

INSERT INTO `api_report` (`id`, `name`, `resource_id`, `create_time`, `update_time`, `create_user`, `update_user`, `deleted`, `status`, `start_time`, `end_time`, `run_mode`, `pool_id`, `trigger_mode`, `version_id`, `project_id`, `integrated_report_id`, `integrated`) VALUES ('10004', '报告004', 'resource_id_10001', 1680624405386, 1680624405386, 'admin', 'admin', b'0', 'SUCCESS', 1680624405386, 1680624405386, 'API', 'pol_id_100001', 'hand', NULL, '100001100001', 'NONE', b'0');
INSERT INTO `api_report` (`id`, `name`, `resource_id`, `create_time`, `update_time`, `create_user`, `update_user`, `deleted`, `status`, `start_time`, `end_time`, `run_mode`, `pool_id`, `trigger_mode`, `version_id`, `project_id`, `integrated_report_id`, `integrated`) VALUES ('10005', '报告005', 'resource_id_10001', 1680624405386, 1680624405386, 'admin', 'admin', b'0', 'ERROR', 1680624405386, 1680624405386, 'API', 'pol_id_100001', 'hand', NULL, '100001100001', 'NONE', b'0');
INSERT INTO `api_report` (`id`, `name`, `resource_id`, `create_time`, `update_time`, `create_user`, `update_user`, `deleted`, `status`, `start_time`, `end_time`, `run_mode`, `pool_id`, `trigger_mode`, `version_id`, `project_id`, `integrated_report_id`, `integrated`) VALUES ('10006', '报告006', 'resource_id_10001', 1680624405386, 1680624405386, 'admin', 'admin', b'0', 'SUCCESS', 1680624405386, 1680624405386, 'API', 'pol_id_100001', 'hand', NULL, '100001100001', 'NONE', b'0');
