# 插入测试数据
INSERT INTO organization(id, num, name, description, create_time, update_time, create_user, update_user, deleted, delete_user, delete_time) VALUE
    ('organization-robot-message-test', null, 'organization-robot-message-test', 'organization-robot-message-test', UNIX_TIMESTAMP() * 1000, UNIX_TIMESTAMP() * 1000, 'admin', 'admin', 0, null, null);
INSERT INTO project (id, num, organization_id, name, description, create_user, update_user, create_time, update_time) VALUES
                                                                                                                          ('project-robot-message-test', null, 'organization-robot-message-test', '默认项目', '系统默认创建的项目', 'admin', 'admin', UNIX_TIMESTAMP() * 1000, UNIX_TIMESTAMP() * 1000),
                                                                                                                          ('project-robot-message-test-1', null, 'organization-robot-message-test', '默认项目1', '系统默认创建的项目1', 'admin', 'admin', UNIX_TIMESTAMP() * 1000, UNIX_TIMESTAMP() * 1000),
                                                                                                                          ('project-robot-message-test-2', null, 'organization-robot-message-test', '默认项目2', '系统默认创建的项目2', 'admin', 'admin', UNIX_TIMESTAMP() * 1000, UNIX_TIMESTAMP() * 1000),
                                                                                                                          ('project-robot-message-test-3', null, 'organization-robot-message-test', '默认项目3', '系统默认创建的项目3', 'admin', 'admin', UNIX_TIMESTAMP() * 1000, UNIX_TIMESTAMP() * 1000);


INSERT INTO user(id, name, email, password, create_time, update_time, language, last_organization_id, phone, source, last_project_id, create_user, update_user, deleted) VALUES
                                                                                                                                                                             ('project-robot-message-user-1', 'project-robot-message-user-1', 'project-robot-message-member1@metersphere.io', MD5('metersphere'), UNIX_TIMESTAMP() * 1000, UNIX_TIMESTAMP() * 1000, NULL, NUll, '', 'LOCAL', NULL, 'admin', 'admin', 0),
                                                                                                                                                                             ('project-robot-message-user-2', 'project-robot-message-user-2', 'project-robot-message-member2@metersphere.io', MD5('metersphere'), UNIX_TIMESTAMP() * 1000, UNIX_TIMESTAMP() * 1000, NULL, NUll, '', 'LOCAL', NULL, 'admin', 'admin', 0),
                                                                                                                                                                             ('project-robot-message-user-3', 'project-robot-message-user-3', 'project-robot-message-member3@metersphere.io', MD5('metersphere'), UNIX_TIMESTAMP() * 1000, UNIX_TIMESTAMP() * 1000, NULL, NUll, '', 'LOCAL', NULL, 'admin', 'admin', 0),
                                                                                                                                                                             ('project-robot-message-user-4', 'project-robot-message-user-4', 'project-robot-message-member4@metersphere.io', MD5('metersphere'), UNIX_TIMESTAMP() * 1000, UNIX_TIMESTAMP() * 1000, NULL, NUll, '', 'LOCAL', NULL, 'admin', 'admin', 0),
                                                                                                                                                                             ('project-robot-message-user-5', 'project-robot-message-user-5', 'project-robot-message-member5@metersphere.io', MD5('metersphere'), UNIX_TIMESTAMP() * 1000, UNIX_TIMESTAMP() * 1000, NULL, NUll, '', 'LOCAL', NULL, 'admin', 'admin', 0),
                                                                                                                                                                             ('project-robot-message-user-6', 'project-robot-message-user-6', 'project-robot-message-member6@metersphere.io', MD5('metersphere'), UNIX_TIMESTAMP() * 1000, UNIX_TIMESTAMP() * 1000, NULL, NUll, '', 'LOCAL', NULL, 'admin', 'admin', 0),
                                                                                                                                                                             ('project-robot-message-user-7', 'project-robot-message-user-7', 'project-robot-message-member7@metersphere.io', MD5('metersphere'), UNIX_TIMESTAMP() * 1000, UNIX_TIMESTAMP() * 1000, NULL, NUll, '', 'LOCAL', NULL, 'admin', 'admin', 0),
                                                                                                                                                                             ('project-robot-message-user-8', 'project-robot-message-user-8', 'project-robot-message-member8@metersphere.io', MD5('metersphere'), UNIX_TIMESTAMP() * 1000, UNIX_TIMESTAMP() * 1000, NULL, NUll, '', 'LOCAL', NULL, 'admin', 'admin', 0),
                                                                                                                                                                             ('project-robot-message-user-9', 'project-robot-message-user-9', 'project-robot-message-member9@metersphere.io', MD5('metersphere'), UNIX_TIMESTAMP() * 1000, UNIX_TIMESTAMP() * 1000, NULL, NUll, '', 'LOCAL', NULL, 'admin', 'admin', 0),
                                                                                                                                                                             ('project-robot-message-user-10', 'project-robot-message-user-10', 'project-robot-message-member10@metersphere.io', MD5('metersphere'), UNIX_TIMESTAMP() * 1000, UNIX_TIMESTAMP() * 1000, NULL, NUll, '', 'LOCAL', NULL, 'admin', 'admin', 0),
                                                                                                                                                                             ('project-robot-message-user-del', 'project-robot-message-user-del', 'project-robot-message-member-del@metersphere.io', MD5('metersphere'), UNIX_TIMESTAMP() * 1000, UNIX_TIMESTAMP() * 1000, NULL, NUll, '', 'LOCAL', NULL, 'admin', 'admin', 1);

INSERT INTO user_role_relation (id, user_id, role_id, source_id, organization_id, create_time, create_user) VALUES
                                                                                                                (UUID(), 'project-robot-message-user-1', 'project_member', 'project-robot-message-test', 'organization-robot-message-test', UNIX_TIMESTAMP() * 1000, 'admin'),
                                                                                                                (UUID(), 'project-robot-message-user-2', 'project_member', 'project-robot-message-test', 'organization-robot-message-test', UNIX_TIMESTAMP() * 1000, 'admin'),
                                                                                                                (UUID(), 'project-robot-message-user-3', 'project_member', 'project-robot-message-test-1', 'organization-robot-message-test', UNIX_TIMESTAMP() * 1000, 'admin'),
                                                                                                                (UUID(), 'project-robot-message-user-4', 'project_member', 'project-robot-message-test-1', 'organization-robot-message-test', UNIX_TIMESTAMP() * 1000, 'admin'),
                                                                                                                (UUID(), 'project-robot-message-user-5', 'project_member', 'project-robot-message-test', 'organization-robot-message-test', UNIX_TIMESTAMP() * 1000, 'admin'),
                                                                                                                (UUID(), 'project-robot-message-user-6', 'project_member', 'project-robot-message-test', 'organization-robot-message-test', UNIX_TIMESTAMP() * 1000, 'admin'),
                                                                                                                (UUID(), 'project-robot-message-user-7', 'project_member', 'project-robot-message-test-1', 'organization-robot-message-test', UNIX_TIMESTAMP() * 1000, 'admin'),
                                                                                                                (UUID(), 'project-robot-message-user-8', 'project_member', 'project-robot-message-test-1', 'organization-robot-message-test', UNIX_TIMESTAMP() * 1000, 'admin'),
                                                                                                                (UUID(), 'project-robot-message-user-9', 'project_member', 'project-robot-message-test-1', 'organization-robot-message-test', UNIX_TIMESTAMP() * 1000, 'admin'),
                                                                                                                (UUID(), 'project-robot-message-user-10', 'project_member', 'project-robot-message-test-1', 'organization-robot-message-test', UNIX_TIMESTAMP() * 1000, 'admin');




INSERT INTO project_robot(id, project_id, name, platform, webhook, type, app_key, app_secret, enable, create_user, create_time, update_user, update_time, description) VALUES ('test_robot_message_robot1', 'project-robot-message-test-1', '测试机器人1', 'IN_SITE', 'NONE', null,  null, null, true, 'admin', unix_timestamp() * 1000,'admin',  unix_timestamp() * 1000, null),
                                                                                                                                                                              ('test_robot_message_robot2', 'project-robot-message-test-1', '测试机器人2', 'MAIL', 'NONE', null,  null, null, true, 'admin', unix_timestamp() * 1000,'admin',  unix_timestamp() * 1000, null);






